{"cameraMode":{"drawMode":0,"name":"Shaded","section":"Shading Mode"},"sceneLighting":false,"audioPlay":false,"sceneViewState":{"showFog":true,"showMaterialUpdate":false,"showSkybox":false,"showFlares":true,"showImageEffects":true,"showParticleSystems":true},"in2DMode":false,"pivot":{"x":0.12838783860206605,"y":1.0530229806900025,"z":0.12450337409973145},"rotation":{"x":-0.0014493296621367336,"y":0.9985009431838989,"z":-0.033271774649620059,"w":-0.04347611218690872},"size":1.7387621402740479,"orthographic":false}