{"cameraMode":{"drawMode":0,"name":"Shaded","section":"Shading Mode"},"sceneLighting":false,"audioPlay":false,"sceneViewState":{"showFog":true,"showMaterialUpdate":false,"showSkybox":false,"showFlares":true,"showImageEffects":true,"showParticleSystems":true},"in2DMode":false,"pivot":{"x":0.32408270239830019,"y":0.9049999713897705,"z":-2.0610976219177248},"rotation":{"x":0.026503654196858407,"y":-0.6396201252937317,"z":0.02207566238939762,"w":0.7679163217544556},"size":1.0898321866989136,"orthographic":true}