{"cameraMode":{"drawMode":0,"name":"Shaded","section":"Shading Mode"},"sceneLighting":false,"audioPlay":false,"sceneViewState":{"showFog":false,"showMaterialUpdate":false,"showSkybox":false,"showFlares":false,"showImageEffects":false,"showParticleSystems":false},"in2DMode":false,"pivot":{"x":-0.0000559687614440918,"y":0.889579176902771,"z":0.006891608238220215},"rotation":{"x":-0.046831268817186359,"y":0.9006602168083191,"z":-0.10038590431213379,"w":-0.42016854882240298},"size":2.053086757659912,"orthographic":true}